{
  "overall": {
    "mean_score": 0.061818181818181814,
    "std_score": 0.1300669280215641,
    "total_samples": 165
  },
  "by_category": {
    "IT/컴퓨터": {
      "mean": 0.05909090909090909,
      "std": 0.1359589956010579,
      "count": 22
    },
    "게임": {
      "mean": 0.038,
      "std": 0.11481869766433224,
      "count": 25
    },
    "경제/경영": {
      "mean": 0.1,
      "std": 0.16583123951776998,
      "count": 11
    },
    "과학": {
      "mean": 0.09318181818181817,
      "std": 0.11881904463496315,
      "count": 22
    },
    "기계": {
      "mean": 0.041666666666666664,
      "std": 0.10206207261596575,
      "count": 6
    },
    "생활/일상": {
      "mean": 0.08333333333333333,
      "std": 0.12198750911856665,
      "count": 15
    },
    "쇼핑/소비": {
      "mean": 0.03125,
      "std": 0.08838834764831845,
      "count": 8
    },
    "수학": {
      "mean": 0.0,
      "std": 0.0,
      "count": 8
    },
    "엔터테인먼트/예술": {
      "mean": 0.016666666666666666,
      "std": 0.06454972243679027,
      "count": 15
    },
    "자동차/자전거/교통": {
      "mean": 0.1,
      "std": 0.12909944487358055,
      "count": 10
    },
    "자연물(동식물/곤충)": {
      "mean": 0.03,
      "std": 0.09486832980505139,
      "count": 10
    },
    "코딩/개발": {
      "mean": 0.11538461538461539,
      "std": 0.2418544805117113,
      "count": 13
    }
  },
  "by_source": {
    "code": {
      "mean": 0.09090909090909091,
      "std": 0.23110406943429385,
      "count": 11
    },
    "iboss": {
      "mean": 0.1111111111111111,
      "std": 0.18162078931419473,
      "count": 9
    },
    "kin": {
      "mean": 0.05254237288135594,
      "std": 0.11148712271412088,
      "count": 118
    },
    "monstergym": {
      "mean": 0.0,
      "std": 0.0,
      "count": 2
    },
    "quasar": {
      "mean": 0.14285714285714285,
      "std": 0.19669894811736077,
      "count": 7
    },
    "ruliweb": {
      "mean": 0.027777777777777776,
      "std": 0.08333333333333334,
      "count": 9
    },
    "sci": {
      "mean": 0.08333333333333333,
      "std": 0.125,
      "count": 9
    }
  },
  "by_question_type": {
    "original": {
      "mean": 0.061818181818181814,
      "std": 0.13006692802156408,
      "count": 165
    }
  }
}