{
  "overall": {
    "mean_score": 0.11060606060606061,
    "std_score": 0.19845346253546037,
    "total_samples": 165
  },
  "by_category": {
    "게임": {
      "mean": 0.04,
      "std": 0.11814539065631521,
      "count": 25
    },
    "생활/일상": {
      "mean": 0.17666666666666667,
      "std": 0.23212270974842678,
      "count": 15
    },
    "기계": {
      "mean": 0.0,
      "std": 0.0,
      "count": 6
    },
    "과학": {
      "mean": 0.175,
      "std": 0.18175729499999246,
      "count": 22
    },
    "수학": {
      "mean": 0.1,
      "std": 0.19272482233188634,
      "count": 8
    },
    "쇼핑/소비": {
      "mean": 0.125,
      "std": 0.23145502494313785,
      "count": 8
    },
    "IT/컴퓨터": {
      "mean": 0.16136363636363635,
      "std": 0.23950932886783055,
      "count": 22
    },
    "자동차/자전거/교통": {
      "mean": 0.11000000000000001,
      "std": 0.18529256146249728,
      "count": 10
    },
    "엔터테인먼트/예술": {
      "mean": 0.016666666666666666,
      "std": 0.06454972243679029,
      "count": 15
    },
    "코딩/개발": {
      "mean": 0.17307692307692307,
      "std": 0.3288967572401359,
      "count": 13
    },
    "경제/경영": {
      "mean": 0.11363636363636363,
      "std": 0.20504988306618108,
      "count": 11
    },
    "자연물(동식물/곤충)": {
      "mean": 0.05500000000000001,
      "std": 0.11654755824698058,
      "count": 10
    }
  },
  "by_source": {
    "kin": {
      "mean": 0.09491525423728812,
      "std": 0.17630948780997338,
      "count": 118
    },
    "monstergym": {
      "mean": 0.0,
      "std": 0.0,
      "count": 2
    },
    "quasar": {
      "mean": 0.21428571428571427,
      "std": 0.2249338527106093,
      "count": 7
    },
    "ruliweb": {
      "mean": 0.1388888888888889,
      "std": 0.28259708263021954,
      "count": 9
    },
    "code": {
      "mean": 0.20454545454545456,
      "std": 0.35032452487268534,
      "count": 11
    },
    "sci": {
      "mean": 0.14444444444444446,
      "std": 0.1379412113103904,
      "count": 9
    },
    "iboss": {
      "mean": 0.08333333333333333,
      "std": 0.1767766952966369,
      "count": 9
    }
  },
  "by_question_type": {
    "original": {
      "mean": 0.11060606060606061,
      "std": 0.19845346253546037,
      "count": 165
    }
  }
}