{
  "overall": {
    "mean_score": 0.22787878787878785,
    "std_score": 0.2591232588302611,
    "total_samples": 165
  },
  "by_category": {
    "IT/컴퓨터": {
      "mean": 0.23863636363636365,
      "std": 0.3188266502355675,
      "count": 22
    },
    "게임": {
      "mean": 0.092,
      "std": 0.16181264886693295,
      "count": 25
    },
    "경제/경영": {
      "mean": 0.3,
      "std": 0.2924038303442689,
      "count": 11
    },
    "과학": {
      "mean": 0.28863636363636364,
      "std": 0.1805624929292179,
      "count": 22
    },
    "기계": {
      "mean": 0.3333333333333333,
      "std": 0.3763863263545405,
      "count": 6
    },
    "생활/일상": {
      "mean": 0.21,
      "std": 0.24142434484888695,
      "count": 15
    },
    "쇼핑/소비": {
      "mean": 0.225,
      "std": 0.2104417123236605,
      "count": 8
    },
    "수학": {
      "mean": 0.34375,
      "std": 0.2651650429449553,
      "count": 8
    },
    "엔터테인먼트/예술": {
      "mean": 0.05333333333333334,
      "std": 0.14573295865416042,
      "count": 15
    },
    "자동차/자전거/교통": {
      "mean": 0.32999999999999996,
      "std": 0.33349995835415364,
      "count": 10
    },
    "자연물(동식물/곤충)": {
      "mean": 0.22999999999999998,
      "std": 0.22010098692292238,
      "count": 10
    },
    "코딩/개발": {
      "mean": 0.33076923076923076,
      "std": 0.31194180916910175,
      "count": 13
    }
  },
  "by_source": {
    "code": {
      "mean": 0.34545454545454546,
      "std": 0.3205109557055308,
      "count": 11
    },
    "iboss": {
      "mean": 0.3055555555555556,
      "std": 0.326385933792769,
      "count": 9
    },
    "kin": {
      "mean": 0.20084745762711864,
      "std": 0.23867360064123927,
      "count": 118
    },
    "monstergym": {
      "mean": 0.0,
      "std": 0.0,
      "count": 2
    },
    "quasar": {
      "mean": 0.31428571428571433,
      "std": 0.3338091841585121,
      "count": 7
    },
    "ruliweb": {
      "mean": 0.19444444444444445,
      "std": 0.34860834438919813,
      "count": 9
    },
    "sci": {
      "mean": 0.37777777777777777,
      "std": 0.14385563751360056,
      "count": 9
    }
  },
  "by_question_type": {
    "original": {
      "mean": 0.22787878787878788,
      "std": 0.25912325883026105,
      "count": 165
    }
  }
}