{
  "overall": {
    "mean_score": 0.1390909090909091,
    "std_score": 0.19708800244950064,
    "total_samples": 165
  },
  "by_category": {
    "IT/컴퓨터": {
      "mean": 0.12727272727272726,
      "std": 0.18754508837386324,
      "count": 22
    },
    "게임": {
      "mean": 0.07,
      "std": 0.15343293866268307,
      "count": 25
    },
    "경제/경영": {
      "mean": 0.12272727272727274,
      "std": 0.18078113336799884,
      "count": 11
    },
    "과학": {
      "mean": 0.225,
      "std": 0.18819316317727028,
      "count": 22
    },
    "기계": {
      "mean": 0.08333333333333333,
      "std": 0.12909944487358058,
      "count": 6
    },
    "생활/일상": {
      "mean": 0.19,
      "std": 0.18439088914585774,
      "count": 15
    },
    "쇼핑/소비": {
      "mean": 0.20625,
      "std": 0.30052038200428266,
      "count": 8
    },
    "수학": {
      "mean": 0.19375,
      "std": 0.2610931689208717,
      "count": 8
    },
    "엔터테인먼트/예술": {
      "mean": 0.04666666666666666,
      "std": 0.13557637102737477,
      "count": 15
    },
    "자동차/자전거/교통": {
      "mean": 0.1,
      "std": 0.17480147469502524,
      "count": 10
    },
    "자연물(동식물/곤충)": {
      "mean": 0.08,
      "std": 0.13165611772087665,
      "count": 10
    },
    "코딩/개발": {
      "mean": 0.23461538461538461,
      "std": 0.27942248133771036,
      "count": 13
    }
  },
  "by_source": {
    "code": {
      "mean": 0.2772727272727273,
      "std": 0.28404545090850897,
      "count": 11
    },
    "iboss": {
      "mean": 0.11666666666666667,
      "std": 0.18708286933869708,
      "count": 9
    },
    "kin": {
      "mean": 0.12415254237288136,
      "std": 0.18533096415745637,
      "count": 118
    },
    "monstergym": {
      "mean": 0.0,
      "std": 0.0,
      "count": 2
    },
    "quasar": {
      "mean": 0.15,
      "std": 0.20207259421636903,
      "count": 7
    },
    "ruliweb": {
      "mean": 0.027777777777777776,
      "std": 0.08333333333333334,
      "count": 9
    },
    "sci": {
      "mean": 0.3222222222222222,
      "std": 0.1839006374226159,
      "count": 9
    }
  },
  "by_question_type": {
    "original": {
      "mean": 0.1390909090909091,
      "std": 0.1970880024495006,
      "count": 165
    }
  }
}