{
  "overall": {
    "mean_score": 0.09333333333333334,
    "std_score": 0.1655122622136784,
    "total_samples": 165
  },
  "by_category": {
    "IT/컴퓨터": {
      "mean": 0.16136363636363635,
      "std": 0.2132134064967696,
      "count": 22
    },
    "게임": {
      "mean": 0.04,
      "std": 0.1181453906563152,
      "count": 25
    },
    "경제/경영": {
      "mean": 0.08636363636363636,
      "std": 0.16445502286477767,
      "count": 11
    },
    "과학": {
      "mean": 0.15227272727272728,
      "std": 0.15467113555269507,
      "count": 22
    },
    "기계": {
      "mean": 0.041666666666666664,
      "std": 0.10206207261596575,
      "count": 6
    },
    "생활/일상": {
      "mean": 0.10333333333333333,
      "std": 0.16198177440099623,
      "count": 15
    },
    "쇼핑/소비": {
      "mean": 0.0625,
      "std": 0.1767766952966369,
      "count": 8
    },
    "수학": {
      "mean": 0.025,
      "std": 0.07071067811865475,
      "count": 8
    },
    "엔터테인먼트/예술": {
      "mean": 0.03333333333333333,
      "std": 0.0879664438186246,
      "count": 15
    },
    "자동차/자전거/교통": {
      "mean": 0.075,
      "std": 0.1687371394276382,
      "count": 10
    },
    "자연물(동식물/곤충)": {
      "mean": 0.05,
      "std": 0.10801234497346433,
      "count": 10
    },
    "코딩/개발": {
      "mean": 0.1769230769230769,
      "std": 0.25949902425586036,
      "count": 13
    }
  },
  "by_source": {
    "code": {
      "mean": 0.20909090909090908,
      "std": 0.27094112074229504,
      "count": 11
    },
    "iboss": {
      "mean": 0.08333333333333333,
      "std": 0.1767766952966369,
      "count": 9
    },
    "kin": {
      "mean": 0.0690677966101695,
      "std": 0.1363315922911562,
      "count": 118
    },
    "monstergym": {
      "mean": 0.0,
      "std": 0.0,
      "count": 2
    },
    "quasar": {
      "mean": 0.17857142857142858,
      "std": 0.1889822365046136,
      "count": 7
    },
    "ruliweb": {
      "mean": 0.1111111111111111,
      "std": 0.2534484387624258,
      "count": 9
    },
    "sci": {
      "mean": 0.21666666666666667,
      "std": 0.15,
      "count": 9
    }
  },
  "by_question_type": {
    "original": {
      "mean": 0.09333333333333334,
      "std": 0.16551226221367843,
      "count": 165
    }
  }
}