{
  "overall": {
    "mean_score": 0.09303030303030303,
    "std_score": 0.18161680459217827,
    "total_samples": 165
  },
  "by_category": {
    "IT/컴퓨터": {
      "mean": 0.16363636363636364,
      "std": 0.2642067274033627,
      "count": 22
    },
    "게임": {
      "mean": 0.04,
      "std": 0.1181453906563152,
      "count": 25
    },
    "경제/경영": {
      "mean": 0.17727272727272728,
      "std": 0.3173039838732224,
      "count": 11
    },
    "과학": {
      "mean": 0.12727272727272726,
      "std": 0.1645537057556653,
      "count": 22
    },
    "기계": {
      "mean": 0.0,
      "std": 0.0,
      "count": 6
    },
    "생활/일상": {
      "mean": 0.15333333333333332,
      "std": 0.18657310580446423,
      "count": 15
    },
    "쇼핑/소비": {
      "mean": 0.0625,
      "std": 0.11572751247156894,
      "count": 8
    },
    "수학": {
      "mean": 0.025,
      "std": 0.07071067811865475,
      "count": 8
    },
    "엔터테인먼트/예술": {
      "mean": 0.016666666666666666,
      "std": 0.06454972243679027,
      "count": 15
    },
    "자동차/자전거/교통": {
      "mean": 0.075,
      "std": 0.12076147288491199,
      "count": 10
    },
    "자연물(동식물/곤충)": {
      "mean": 0.025,
      "std": 0.07905694150420949,
      "count": 10
    },
    "코딩/개발": {
      "mean": 0.1346153846153846,
      "std": 0.2192645048267573,
      "count": 13
    }
  },
  "by_source": {
    "code": {
      "mean": 0.1590909090909091,
      "std": 0.23110406943429385,
      "count": 11
    },
    "iboss": {
      "mean": 0.19444444444444445,
      "std": 0.3486083443891982,
      "count": 9
    },
    "kin": {
      "mean": 0.053813559322033896,
      "std": 0.11751646177847742,
      "count": 118
    },
    "monstergym": {
      "mean": 0.0,
      "std": 0.0,
      "count": 2
    },
    "quasar": {
      "mean": 0.2928571428571428,
      "std": 0.2244039724629287,
      "count": 7
    },
    "ruliweb": {
      "mean": 0.1388888888888889,
      "std": 0.3333333333333333,
      "count": 9
    },
    "sci": {
      "mean": 0.24444444444444446,
      "std": 0.17756063127218763,
      "count": 9
    }
  },
  "by_question_type": {
    "original": {
      "mean": 0.09303030303030303,
      "std": 0.18161680459217822,
      "count": 165
    }
  }
}