{
  "overall": {
    "mean_score": 0.3175757575757576,
    "std_score": 0.29881912204777705,
    "total_samples": 165
  },
  "by_category": {
    "IT/컴퓨터": {
      "mean": 0.3227272727272727,
      "std": 0.3283172365140274,
      "count": 22
    },
    "게임": {
      "mean": 0.152,
      "std": 0.2408664913736792,
      "count": 25
    },
    "경제/경영": {
      "mean": 0.34545454545454546,
      "std": 0.2867529820721534,
      "count": 11
    },
    "과학": {
      "mean": 0.4068181818181818,
      "std": 0.1847104906819463,
      "count": 22
    },
    "기계": {
      "mean": 0.5666666666666667,
      "std": 0.31885210782848317,
      "count": 6
    },
    "생활/일상": {
      "mean": 0.22,
      "std": 0.22975141846289934,
      "count": 15
    },
    "쇼핑/소비": {
      "mean": 0.21875,
      "std": 0.31160586368955623,
      "count": 8
    },
    "수학": {
      "mean": 0.51875,
      "std": 0.3673627051605227,
      "count": 8
    },
    "엔터테인먼트/예술": {
      "mean": 0.23666666666666666,
      "std": 0.3204163957519444,
      "count": 15
    },
    "자동차/자전거/교통": {
      "mean": 0.4,
      "std": 0.31622776601683794,
      "count": 10
    },
    "자연물(동식물/곤충)": {
      "mean": 0.355,
      "std": 0.26713500540197105,
      "count": 10
    },
    "코딩/개발": {
      "mean": 0.38846153846153847,
      "std": 0.36122121924212763,
      "count": 13
    }
  },
  "by_source": {
    "code": {
      "mean": 0.36818181818181817,
      "std": 0.32192602199319587,
      "count": 11
    },
    "iboss": {
      "mean": 0.31666666666666665,
      "std": 0.30000000000000004,
      "count": 9
    },
    "kin": {
      "mean": 0.3038135593220339,
      "std": 0.292583305374391,
      "count": 118
    },
    "monstergym": {
      "mean": 0.0,
      "std": 0.0,
      "count": 2
    },
    "quasar": {
      "mean": 0.43571428571428567,
      "std": 0.34121631178560535,
      "count": 7
    },
    "ruliweb": {
      "mean": 0.33888888888888885,
      "std": 0.4498456525421926,
      "count": 9
    },
    "sci": {
      "mean": 0.39444444444444443,
      "std": 0.13565683830083086,
      "count": 9
    }
  },
  "by_question_type": {
    "original": {
      "mean": 0.31757575757575757,
      "std": 0.29881912204777705,
      "count": 165
    }
  }
}